resname,lit_resid,segid,resid,is_psilocin
LIG,1,HETA,1,True
ILE,152,PROA,74,False
TYR,153,PROA,75,False
VAL,156,PROA,78,False
GLY,205,PROB,127,False
ILE,206,PROB,128,False
SER,207,PROB,129,False
MET,208,PROB,130,False
PRO,209,PROB,131,False
ILE,210,PROB,132,False
PRO,211,PROB,133,False
VAL,212,PROB,134,False
PHE,213,PROB,135,False
GLY,214,PROB,136,False
LYS,220,PROB,142,False
VAL,221,PROB,143,False
LEU,229,PROB,151,False
ALA,230,PROB,152,False
ASP,231,PROB,153,False
ASP,232,PROB,154,False
ASN,233,PROB,155,False
PHE,234,PROB,156,False
VAL,235,PROB,157,False
LEU,236,PROB,158,False
ILE,237,PROB,159,False
GLY,238,PROB,160,False
SER,239,PROB,161,False
PHE,240,PROB,162,False
VAL,241,PROB,163,False
SER,242,PROB,164,False
ASN,343,PROC,216,False
ILE,344,PROC,217,False
VAL,347,PROC,220,False
