category,bond_type,label,occupancy,mean_distance,mean_angle
protein-protein,BB-BB,VAL156:N-HN → ILE152:O,1.0,2.97,165.3
protein-protein,BB-BB,LEU157:N-HN → TYR153:O,1.0,2.89,159.9
protein-protein,SC-BB,THR160:OG1-HG1 → VAL156:O,1.0,2.78,157.2
protein-protein,BB-BB,SER242:N-HN → GLY238:O,1.0,3.03,155.0
protein-protein,SC-BB,SER242:OG-HG1 → GLY238:O,1.0,2.69,164.9
protein-protein,BB-BB,THR160:N-HN → VAL156:O,0.99,2.9,156.5
protein-protein,BB-BB,PHE213:N-HN → PRO209:O,0.99,2.95,163.6
protein-protein,BB-BB,LEU236:N-HN → ASP232:O,0.99,2.96,162.4
protein-protein,BB-BB,SER239:N-HN → VAL235:O,0.99,2.95,155.8
protein-protein,BB-BB,VAL241:N-HN → ILE237:O,0.97,3.04,162.0
protein-protein,BB-BB,ILE237:N-HN → ASN233:O,0.96,3.01,162.7
protein-protein,SC-BB,SER239:OG-HG1 → VAL235:O,0.95,2.8,156.6
protein-protein,BB-BB,VAL235:N-HN → ASP231:O,0.94,2.99,163.7
protein-protein,BB-BB,PHE240:N-HN → LEU236:O,0.93,3.09,153.7
protein-protein,BB-BB,ILE344:N-HN → PHE340:O,0.91,3.1,161.0
protein-protein,BB-BB,GLY238:N-HN → PHE234:O,0.88,2.86,152.9
protein-protein,BB-BB,ILE210:N-HN → SER207:O,0.78,3.23,153.2
protein-protein,BB-BB,VAL347:N-HN → ASN343:O,0.59,3.2,159.2
psilocin-indole NH,SC,Psi:N2-H13 → SER242:OG,0.54,3.09,146.2
protein-protein,BB-BB,ALA230:N-HN → LYS220:O,0.4,2.86,159.4
protein-protein,SC-SC,ASN343:ND2-HD22 → SER239:OG,0.38,3.22,151.2
protein-protein,BB-BB,MET208:N-HN → GLY205:O,0.33,3.33,145.4
protein-protein,BB-BB,GLY214:N-HN → ILE210:O,0.3,3.0,143.1
protein-protein,BB-BB,GLY214:N-HN → PRO209:O,0.27,3.26,155.2
protein-protein,BB-BB,VAL347:N-HN → ILE344:O,0.26,3.12,141.8
psilocin-indole NH,SC,Psi:N2-H13 → THR160:OG1,0.17,3.09,141.0
protein-protein,BB-BB,GLY214:N-HN → PRO211:O,0.13,3.18,152.6
protein-protein,SC-SC,LYS220:NZ-HZ3 → ASP231:OD1,0.13,2.74,162.7
protein-protein,BB-SC,PHE234:N-HN → ASP231:OD1,0.1,3.2,158.3
protein-protein,SC-SC,LYS220:NZ-HZ3 → ASP231:OD2,0.09,2.76,159.9
protein-protein,SC-SC,LYS220:NZ-HZ1 → ASP231:OD1,0.07,2.73,161.6
protein-protein,SC-SC,LYS220:NZ-HZ1 → ASP231:OD2,0.07,2.7,162.0
protein-protein,BB-SC,ASN233:N-HN → ASP231:OD1,0.06,3.13,142.2
protein-protein,BB-BB,PHE234:N-HN → ASP231:O,0.06,3.08,141.0
protein-protein,BB-SC,PHE234:N-HN → ASP231:OD2,0.05,3.08,158.8
protein-protein,SC-SC,LYS220:NZ-HZ2 → ASP231:OD1,0.05,2.94,160.9
protein-protein,BB-SC,ASN233:N-HN → ASP231:OD2,0.04,3.25,140.5
protein-protein,SC-SC,LYS220:NZ-HZ2 → ASP231:OD2,0.04,2.66,158.9
protein-protein,BB-BB,ASP231:N-HN → LYS220:O,0.03,3.28,136.4
protein-protein,BB-SC,ASN233:N-HN → ASP232:OD1,0.03,3.18,134.9
protein-protein,SC-SC,ASN233:ND2-HD22 → ASP231:OD1,0.03,2.81,157.5
protein-protein,BB-BB,SER242:N-HN → SER239:O,0.02,3.47,132.2
protein-protein,BB-BB,PHE240:N-HN → ILE237:O,0.01,3.14,136.5
protein-protein,SC-SC,ASN233:ND2-HD22 → ASP232:OD1,0.01,2.71,149.2
protein-protein,SC-SC,ASN233:ND2-HD22 → ASP231:OD2,0.01,2.75,174.2
protein-protein,BB-SC,ASP232:N-HN → ASP231:OD1,0.01,2.77,139.4
protein-protein,BB-BB,VAL235:N-HN → ASP232:O,0.01,3.44,130.7
protein-protein,BB-BB,GLY238:N-HN → ASN233:O,0.01,3.25,144.9
protein-protein,BB-BB,VAL241:N-HN → GLY238:O,0.01,3.26,133.6
