resid,segid,resname,lit_resid,occupancy,mean_distance,mean_angle
77,PROA,ASP,155,1.0,3.09,166.9
78,PROA,VAL,156,1.0,3.12,175.6
81,PROA,SER,159,1.0,3.09,171.7
82,PROA,THR,160,0.95,3.14,178.3
85,PROA,ILE,163,0.04,3.28,147.4
128,PROB,ILE,206,0.13,3.2,180.0
151,PROB,LEU,229,0.15,3.34,141.8
156,PROB,PHE,234,0.05,2.99,175.8
157,PROB,VAL,235,0.65,3.23,160.6
160,PROB,GLY,238,0.42,3.21,160.4
161,PROB,SER,239,0.13,3.27,159.0
164,PROB,SER,242,0.87,3.06,162.0
209,PROC,TRP,336,0.36,3.28,149.5
212,PROC,PHE,339,1.0,3.12,173.0
213,PROC,PHE,340,0.68,3.18,175.8
216,PROC,ASN,343,0.79,3.12,172.2
239,PROC,VAL,366,1.0,3.07,174.1
243,PROC,TYR,370,0.32,3.34,139.6
